good-votes,name,bad-votes,score,rank
0,rocuu,1,0,1077
1,motosql,1,0.0945,987
6,BodgerDot,3,0.3542,502
10,blackjack_bot,0,0.7225,232
14,maybemaybemaybe_bot,1,0.7018,245
0,timstreet,2,0,1078
6,ThereIsNoDana-6,1,0.4869,422
1,TheCheatIsNotDead,0,0.2065,682
1,Her_Name_Was_Heather,0,0.2065,683
2,EternalCCGFetcher,0,0.3424,506
2,TwitchSubreddit,4,0.0968,985
7,zozbot2,10,0.2161,663
479,bot_defending_bots,665,0.3904,490
1,SSLinkBot,0,0.2065,684
38,cheer_up_bot,5,0.7552,200
1,Reddit_Cake_Day_Bot,0,0.2065,685
320,Carefree_bot,92,0.734,224
0,buttsbot,1,0,1079
66,stabbot_crop,3,0.8798,75
1,STOBot,0,0.2065,686
1,auto_immobilize,1,0.0945,988
0,Hipcarl,1,0,1080
9,crypto_bot,2,0.523,390
1,videosmods,1,0.0945,989
2,MenAreInferior3,5,0.0822,1040
0,APitInMyCherry2,1,0,1081
18,Sentient_Pasta_Bot,11,0.44,438
9,Profanity_robot,1,0.5958,339
11,BEST_RAPPER_ALIVE,2,0.5776,350
1,CornDelivery,0,0.2065,687
38,yankbot,8,0.6928,267
20,HFYBotReborn,0,0.8389,107
0,Kesha_Paul,1,0,1082
18,Dia-Bot,0,0.8241,126
1,_Sweetiebot,0,0.2065,688
1,yolobotter,0,0.2065,689
4,rick_bot_number_3,0,0.5101,392
20,alot-of-bot,0,0.8389,108
8,chronicleBot,0,0.6756,276
2,nautbot,0,0.3424,507
1,MirrorPortal,0,0.2065,690
2,iloopit_bot,0,0.3424,508
1,clubfbi,0,0.2065,691
35,reddit_happy_bot,6,0.7156,238
0,Ghaleon1,1,0,1083
18,scp1500,1,0.7536,201
1,nasca95,1,0.0945,990
0,tjsh118,1,0,1084
1,slickwom-bot,0,0.2065,692
3,SeattleRedditBot,3,0.1876,960
1,yayseinfeldreference,0,0.2065,693
34,LatexImageBot,2,0.8186,134
106,JiffierBot,2,0.935,24
979,LinkReplyBot,1291,0.411,478
1,PublicoBot2,0,0.2065,694
0,WouldTotallySmash,3,0,1085
396,DuplicatesBot,131,0.7128,239
1478,HelperBot_,107,0.9191,36
6,deepsalter-001,1,0.4869,423
2,Rainbow6Bot,1,0.2077,669
0,Grumpy91,1,0,1086
0,sonnytron,1,0,1087
35,_WaterGuy12_,86,0.2159,664
21,Spartan2470,1,0.782,169
0,BarredKnifejaw,1,0,1088
2879,sneakpeekbot,525,0.8332,116
47,aNoiceBot,23,0.555,368
26,RogueOneBot,3,0.7361,221
10,ContextRobot,3,0.4974,413
1,CarFlipJudge,0,0.2065,695
0,theendofthesidewalk1,1,0,1089
0,IOnlyMakeThisComment,1,0,1090
3,Ric_Flair_Bot,4,0.1582,969
1,Shadilay_Were_Off,0,0.2065,696
0,Teamster,1,0,1091
26,yeee_bot,67,0.1985,955
1,YoutubehaikuTimeBot,0,0.2065,697
5,ShareBluePaybot,0,0.5655,354
161,furbot_,8,0.9094,50
0,octopeace,1,0,1092
34,FurryMirrorBot,1,0.8547,94
1,WildStallyns69,0,0.2065,698
6,PoliticalHumorBot,2,0.4093,479
0,ObjectiveStars,1,0,1093
128,TwitterToStreamable,4,0.9247,30
1,Am-I-The-Only-OneBOT,0,0.2065,699
1,Harold_Approved,0,0.2065,700
10,pays_respect,3,0.4974,414
14,KorokBot,2,0.6398,301
1,GrammatikPoliti,0,0.2065,701
0,Guru_Jaden_Smith,1,0,1094
1,giphy,1,0.0945,991
0,Doctorworm321,1,0,1095
1,AXL-Low-Player,0,0.2065,702
41,hpquotebot,0,0.9143,42
10,NetNeutralityBot,3,0.4974,415
448,xkcd_transcriber,9,0.963,7
1,necius,0,0.2065,703
2,HoopsBot,0,0.3424,509
1,desertlynx,0,0.2065,704
58,ze-robot,3,0.8651,84
2,Your_Post_As_A_Movie,0,0.3424,510
9,mbmbamboto,0,0.7008,250
8,ThaChippa,70,0.0529,1060
0,Hearbinger,1,0,1096
0,thijser2,1,0,1097
0,raffle_rng,1,0,1098
1,SenorButtmunch,0,0.2065,705
0,i-only-ever-ask-why,2,0,1099
1,natezomby,0,0.2065,706
95,d3posterbot,5,0.8882,68
357,Git_Gud_BOT,204,0.5958,340
92,golfwithdonald,12,0.8091,139
1,I_Punched_A_Bear,0,0.2065,707
710,jacksfilmsbot,355,0.6378,302
1,IamABot_v01,5,0.0301,1071
129,GivesRandomGoldOut,7,0.8976,58
24,disguise_bot,9,0.5578,367
1,F5SectMember,0,0.2065,708
6,setify,0,0.6097,315
8,kenziefc,0,0.6756,277
1,countdown_to_what_,1,0.0945,992
1,IDI0T_TRANSLATOR,1,0.0945,993
0,mini_cadeh,6,0,1100
658,PicDescriptionBot,200,0.7375,220
0,ComcastCustomerSrvc,1,0,1101
2,ScheheraBot,0,0.3424,511
1,theothermod,0,0.2065,709
19,Koakuma_bot,0,0.8318,118
0,thisisgettingworse,1,0,1102
1,BitcoinAllBot,1,0.0945,994
0,soylentsandwich,1,0,1103
1,DiscussionQuestions,3,0.0456,1061
1,randomusername123458,0,0.2065,710
30,AFILinkerBot,1,0.8381,110
0,BFair2Prez,2,0,1104
1822,stabbot,30,0.977,1
1,Turtlebot3000,0,0.2065,711
0,_McDonuts1,2,0,1105
1,Chrisnyfe,0,0.2065,712
216,timestamp_bot,6,0.9423,15
1466,Gfycat_Details_Fixer,39,0.9648,6
49,User_Simulator,11,0.7008,251
21,checks_out_bot,23,0.3375,605
15,ShadowBanCheckBot,0,0.7961,153
1,pengytheduckwin,0,0.2065,713
2,Searchbar_Trixie,0,0.3424,512
55,AFSCbot,2,0.8808,74
11,_xXx_FaZe_xXx_,0,0.7412,213
1,peachbot,1,0.0945,995
0,nevertruly,1,0,1106
32,LinkFixBot,6,0.6958,265
57,Craigslist-Bot,2,0.8846,70
1,PunThreadKillingBot,4,0.0362,1068
106,FirminoBot,4,0.9102,48
3,SmashGGBot,0,0.4385,439
1,Nemokles,0,0.2065,714
2,lightningvlightening,1,0.2077,670
1,historymodbot,1,0.0945,996
0,News_Release_Bot1,1,0,1107
32,allkpop_bot,0,0.8928,61
13,bobcobble,4,0.5274,387
0,Arowin,1,0,1108
0,WorldNewsMods,2,0,1109
2,WeighInReminderBot,0,0.3424,513
0,BottleOfAlkahest,1,0,1110
91,remembertosmilebot,19,0.7459,208
0,LatrodectusGeometric,1,0,1111
11,FanfictionBot,1,0.6461,290
1,soccerbot,0,0.2065,715
9,GPDBot,0,0.7008,252
151,pearlfectator,18,0.8379,112
448,RedditStreamable,18,0.9398,17
0,ilovefrankocean1,1,0,1112
9,OC-Bot,3,0.4677,431
0,robomechabotatron1,4,0,1113
1,Wezz,0,0.2065,716
1,rie_writes_usernames,0,0.2065,717
16,Youtube_Mirror_Bot,1,0.7302,229
3,MDMA-INFO,0,0.4385,440
1,qznc_bot,0,0.2065,718
2,MuffaloBot,0,0.3424,514
14,HCE_Replacement_Bot,27,0.2156,665
7,Relevant_Magic-Card,1,0.5291,377
7,Reddit_Bronze_Bot,1,0.5291,378
2,centralscruuutinizer,1,0.2077,671
0,Jeff_Teagues_Kidneys,2,0,1114
0,snatchedulna,1,0,1115
12,csscorey,8,0.3866,491
4,Yoyoe34,1,0.3755,493
3,sub_r,2,0.2307,658
1,ludovician,0,0.2065,719
1,liamquane,0,0.2065,720
11,elsbot,1,0.6461,291
1,ksbot,0,0.2065,721
125,aryanchaurasia,21,0.7901,160
38,FactorioModPortalBot,1,0.8682,81
1,CCW_AutoMod,1,0.0945,997
2,ukraina_bot,0,0.3424,515
1,sonofseriousinjury,0,0.2065,722
2,SubZorro,1,0.2077,672
71,TwitchClips2Youtube,9,0.7998,152
1,TheRealGC13,0,0.2065,723
0,SireNightFire8,1,0,1116
1,coinflipbot,0,0.2065,724
33,twinkiac,47,0.3111,615
1,ExtraSharpFromunda,0,0.2065,725
0,mU_Oz,2,0,1117
2,Poster_Bot2,0,0.3424,516
4,HereComesthePizzaBot,0,0.5101,393
14,gary_bot,0,0.7847,165
1,HP876,0,0.2065,726
756,AzorAhaiBot,23,0.9561,9
18,iotaTipBot,1,0.7536,202
1483,vredditmirrorbot,64,0.9475,13
19,DaltonicBot,0,0.8318,119
1,joshieecs,0,0.2065,727
1,Dr_Silver,0,0.2065,728
1,Nutty_Nutts,0,0.2065,729
1,PoliticsModeratorBot,0,0.2065,730
8,foxnewsfunfacts,1,0.565,365
1,DragonflyWing,0,0.2065,731
0,auto_data_s,1,0,1118
10,resavr_bot,1,0.6226,310
0,586682582,1,0,1119
5,GooglePortugal,1,0.4365,469
1,murphstar,0,0.2065,732
7,LowlyLobster,5,0.3195,611
1,contestsbot,0,0.2065,733
4,gabenizer-bot,0,0.5101,394
55,BayonettaBasher,6,0.8016,148
728,perrycohen,425,0.6032,333
1,Reddit_Improver,12,0.0137,1076
11,nobody_cares_bot,65,0.0828,1039
268,thank_mr_skeltal_bot,86,0.7098,243
0,ShirtFinderBot,2,0,1120
14,mnemosyne-0001,1,0.7018,246
1,Mooseyxhmx,1,0.0945,998
60,PoBPreviewBot,1,0.9128,46
38,chat_disabled_bot,4,0.7793,170
0,heavymetalismetal7,1,0,1121
1,HearthDeckBot,0,0.2065,734
0,seeriktus0,1,0,1122
0,DefiantHermit,1,0,1123
56,Decronym,8,0.7723,176
2,fixes_shrug_emoticon,0,0.3424,517
2,DollarSignThenNumber,1,0.2077,673
3,MoochConverterBot,0,0.4385,441
1,r-PictureGame,0,0.2065,735
132,Bot2Thanks,20,0.8055,145
1,PhilosiHunter_Bot,4,0.0362,1069
4,doppelbanger_ai,6,0.1682,964
121,Agrees_withyou,94,0.496,419
1,its710somewhere,0,0.2065,736
1173,table_it_bot,203,0.8328,117
24,VelvetBot,1,0.8046,146
1,Fairwhetherfriend,0,0.2065,737
0,QuipA,1,0,1124
18,TweakInfoBot,2,0.699,261
6,IDEA-THIEF-BOT,37,0.0656,1042
2,WatchTheCircles,0,0.3424,518
3,D0cR3d,0,0.4385,442
1443,phonebatterylevelbot,970,0.5783,349
3,ayylmao2dongerbot-v2,0,0.4385,443
59,papa_bless_bot,0,0.9389,19
2,freeEBOOKS-Batman,0,0.3424,519
9,air_out,6,0.3575,501
2,team10_bot,7,0.0632,1043
2,EldritchCarver,0,0.3424,520
1,2slow4flo,0,0.2065,738
46,BlueprintBot,0,0.9229,33
1849,youtubefactsbot,253,0.865,85
1,upstreamsalmon,0,0.2065,739
6,ContentForager,0,0.6097,316
50,CrootBot,4,0.8245,125
4,NegativeTwelfth,1,0.3755,494
1,blackpillmgtow,0,0.2065,740
1,NeckbeardPoet,0,0.2065,741
659,Capital_R_and_U_Bot,128,0.8099,138
2,twilexis,0,0.3424,521
19,Squid_Bot,0,0.8318,120
1,pflurklurk,0,0.2065,742
6,RedditFantasyBot,1,0.4869,424
2,PostInfoBot,0,0.3424,522
2,Necroqubus,0,0.3424,523
1,Momoneymoproblems214,0,0.2065,743
17,EmboldenTheEBot,8,0.4841,426
1,gwcoep_bot,0,0.2065,744
0,Timmy_the_M8,1,0,1125
244,LocationBot,37,0.8238,128
1,crazybot62,2,0.0615,1045
4,-BookBot-,0,0.5101,395
1,GravityTortoise,0,0.2065,745
0,Basilpop,1,0,1126
17,its_republicare,12,0.4074,485
0,Royal_Minion,2,0,1127
1,bclevelbot,0,0.2065,746
1,gumdropsEU,1,0.0945,999
11,FleetFlotTheTweetBot,0,0.7412,214
5,DokkanFlairBot,7,0.1933,956
0,raccoonguy12,2,0,1128
1,Jabberminor,0,0.2065,747
1,FlairModBot,0,0.2065,748
30,keepdankmemesdank,37,0.3348,606
39,BotPaperScissors,89,0.2316,657
0,Found_it_on_maps,1,0,1129
1,Ivashkin,0,0.2065,749
1,elangomatt,0,0.2065,750
84,darthplagueisbot,4,0.8889,67
0,covfefeman8,1,0,1130
0,Calcd_Uncertainty,1,0,1131
84,ception_bot,41,0.5856,346
27,DecisionBot,1,0.8229,129
122,empleadoEstatalBot,7,0.8922,64
0,Porkyrogue,1,0,1132
1,george_squashington,0,0.2065,751
35,sufficiency_bot,1,0.8583,89
1,Blasphyx,0,0.2065,752
1,Congress_Bill_Bot,0,0.2065,753
5695,WikiTextBot,231,0.9558,10
188,haiku-detector,29,0.8147,137
10,stab_in_the_eye_bot,0,0.7225,233
1,ShadowBanBot2,0,0.2065,754
0,Cosmic-Engine,1,0,1133
22,NoSleepAutoBot,9,0.5341,376
0,living_vicariously,2,0,1134
1,deepmodbot,0,0.2065,755
0,DrNyanpasu,1,0,1135
72,HeckingBot,45,0.5249,388
3,snek-bot,1,0.3006,621
2,robinhood-bot,0,0.3424,524
53,KemonomimiCheerUpBot,1,0.9023,56
31,assume-gender-bot,7,0.6658,284
0,MiyegomboBayartsogt,1,0,1136
154,ImagesOfNetwork,78,0.6008,334
957,image_linker_bot,53,0.932,27
1,gyroda,0,0.2065,756
1,s_i_m_s,0,0.2065,757
0,SeaTurtlesCanFly,1,0,1137
22,Coy-Bot,0,0.8513,97
2,jimmyhandle,0,0.3424,525
3,AutoSticky,5,0.1368,979
2,OEISbot,0,0.3424,526
2,UTA_bot,0,0.3424,527
0,satscorepredictbot,6,0,1138
1,darkdogdemon,0,0.2065,758
145,ExistentialRickBot,37,0.7324,226
1,StoryAboutABridge,1,0.0945,1000
3,big-if-true-bot,1,0.3006,622
4,takecareofmyplant,0,0.5101,396
18,botrightsbot,6,0.551,370
2,Claystarfire,0,0.3424,528
22,colorizebot2,1,0.7901,161
1,Sjipsdew,0,0.2065,759
0,MauroFaustino5,2,0,1139
1,darth_tiffany,1,0.0945,1001
10,rjpj1998,3,0.4974,416
0,RandomMotherJoke,1,0,1140
76,ocr_bot,20,0.7,260
1,Suft,0,0.2065,760
24,NotYaourtBot,17,0.4337,473
56,n00b_bot,85,0.3202,610
1,firebot12,2,0.0615,1046
0,OrderofOpinion,1,0,1141
1,Dlgredael,1,0.0945,1002
7,Ricky_bot,1,0.5291,379
0,Clerical_terrors,1,0,1142
1,fsfd1100,0,0.2065,761
2,teddyRbot,0,0.3424,529
19,hwsbot,2,0.7109,240
0,hyakunin,1,0,1143
29,WholesomeBot,8,0.628,306
1,schizobot,0,0.2065,762
3,pidgeybot,1,0.3006,623
15,RickAndMorty_Bot,7,0.4732,429
1,bootysmashen,0,0.2065,763
0,ConcreteNotCement,2,0,1144
44,here-have-some-sauce,87,0.2607,648
0,apescaper,1,0,1145
195,hearthscan-bot,9,0.9183,38
34,_greentext_,3,0.787,164
7,blackfellasbot,0,0.6457,293
1,PingPongBot,0,0.2065,764
18,Cazazkq,56,0.1598,968
2145,timezone_bot,711,0.7349,222
2,etymology_facts,0,0.3424,530
34,or-yes-bot,71,0.2419,655
1,drew_read,0,0.2065,765
40,dota_responses_bot,2,0.8421,103
0,wowmannihao,1,0,1146
32,oldmoviebot,0,0.8928,62
2,of-bot,3,0.1176,982
12,kawaii_cute_bot,40,0.1372,978
4,weekendbot,1,0.3755,495
13,LinkRav_Bot,0,0.7719,177
1,lostandfounddrawing,0,0.2065,766
1,Reply-LoL-Reddit,0,0.2065,767
0,fsmpastafarian,1,0,1147
5,FactorioWikiBot,0,0.5655,355
1,RhynoD,0,0.2065,768
81,ghostbot12,101,0.3747,497
26,botWhoThanksBots,35,0.3102,616
3,JooceBot,1,0.3006,624
15,TwitterToImgurBot,2,0.6566,288
1,osrs_pets,0,0.2065,769
15,PoEWikiBot,0,0.7961,154
68,Memberberrybot,119,0.2981,640
15,gemifra,0,0.7961,155
0,semiauto227,1,0,1148
2092,Not_Just_You,695,0.7342,223
4,ConvertsMathtoMaths,4,0.2152,666
0,DragonWhsiperer,1,0,1149
0,Deep_CR,2,0,1150
1,PlsStopAsking4Karma,1,0.0945,1003
9,GunnitBot,0,0.7008,253
2,LEGO_IDEAS_BOT,0,0.3424,531
1,StashThis,0,0.2065,770
40,tippr,2,0.8421,104
2,ChallengerKeanu,0,0.3424,532
1,Cheers_Bot,2,0.0615,1047
0,rottedzombie,1,0,1151
4,DoritoFaceBot,4,0.2152,667
2,NetFreedomBot,0,0.3424,533
1,KoolbIade,0,0.2065,771
18,waterguy12bot,2,0.699,262
22,shayarsenaultbot,4,0.6647,286
9,waterguy12_bot,1,0.5958,341
1,Clickdebaiter,0,0.2065,772
1,CantBotBustThis,3,0.0456,1062
1,botrecommendsNSFWsub,0,0.2065,773
25,RapistBrockTurnerBot,3,0.728,230
0,SmartAnswerBot,4,0,1152
28,AvoidBot,5,0.6908,268
0,Bobby-Baratheon,1,0,1153
0,ShittyBuzzwords,1,0,1154
0,KnoT666,1,0,1155
41,ChessFenBot,0,0.9143,43
69,GoodUserBot,6,0.8363,113
18,HFYsubs,1,0.7536,203
1,SpellsC-3POForYou,0,0.2065,774
4,AMD_Bot,0,0.5101,397
1,shroomflies,0,0.2065,775
1,exegete_,0,0.2065,776
1,upmo,0,0.2065,777
17,CFB_Twitter_Bot,1,0.7424,209
1456,RedditSilverRobot,99,0.9231,32
23,prequelmemesbot,3,0.7102,242
1,Pickle-Pee,0,0.2065,778
3,UpdateMeBot,0,0.4385,444
1,bigslothonmyface,0,0.2065,779
1,IrrelevantXKCD-Bot,0,0.2065,780
0,Agrom16,3,0,1156
7,GaySwansMakeMeCry,0,0.6457,294
94,PirateCaptainSparrow,11,0.8221,130
15,BeatmapLinker,3,0.6078,331
15,Harambe_Bot_,7,0.4732,430
0,pansearstar,1,0,1157
65,DJ_Spam,1,0.919,37
1,mR_tIm_TaCo,0,0.2065,781
3,hit_bot,0,0.4385,445
25,wholesomeBot_,3,0.728,231
4,LiteralLiterallyBot,8,0.1381,977
1,DollarSignOnTheLeft,0,0.2065,782
1,Aiadon,0,0.2065,783
4,mechkbot,0,0.5101,398
2,PM_ME_REPOSTS,0,0.3424,534
1,Shinybot,1,0.0945,1004
420,PayRespects-Bot,15,0.9439,14
332,jinx__bot,79,0.7669,181
13,Yiff_Bot,0,0.7719,178
0,SJH009,1,0,1158
1,NiceOnlyIronman,1,0.0945,1005
2,RegurgitatedCumBuble,2,0.15,972
0,aetkas001,1,0,1159
0,rseasmith,1,0,1160
0,raldzxd,2,0,1161
1,Chron_Dot_Com_Bot,0,0.2065,784
2,User_History_Bot,0,0.3424,535
1,sunturion,0,0.2065,785
1,pinkerbelle,0,0.2065,786
1,WikipediaTLDR,1,0.0945,1006
8,BookHorseBot,0,0.6756,278
1,olddoc,0,0.2065,787
1,Badmanwillis,1,0.0945,1007
95,HeroesInfoBot,3,0.9138,45
1,Me_Too_Thanks_guy12,1,0.0945,1008
1,OnlyReplyNothing,0,0.2065,788
25,hahaboomfah_bot,2,0.7663,183
3,JP193,1,0.3006,625
2,CoalFiredBanana,0,0.3424,536
2279,morejpeg_auto,74,0.9607,8
35,tinder_rules_bot,3,0.792,159
1,GOTradePlus,0,0.2065,789
6,HalfLife3IsNever,12,0.1628,967
1,neodiogenes,0,0.2065,790
64,Freakout_mirror_bot,2,0.8961,60
1,GfycatDetailsConvert,0,0.2065,791
9,ABotToBeSure,0,0.7008,254
24,translator-BOT,2,0.7586,194
7,destiny_item_bot,1,0.5291,380
9,awkwardtheturtle,10,0.2733,644
3,VanadiumGenova,0,0.4385,446
1,CrowdScene,0,0.2065,792
1,HateDetectorBot,7,0.0224,1074
9,FuckFuckSpamBotsBots,8,0.3096,617
44,AFexcuses,0,0.9197,35
2,pm_me_your_bw_pics,0,0.3424,537
0,TicTacGone,1,0,1162
128,EvenWithContext_Bot,516,0.1698,963
6,SirBubbles_alot,2,0.4093,480
61,LittleOldBot,96,0.3158,614
1,IDraw2,0,0.2065,793
2,kerovon,0,0.3424,538
2,EditingTips,0,0.3424,539
49,BlessedDayBot,4,0.8214,131
1,ishiggydiggydowop,0,0.2065,794
6,COYBot,0,0.6097,317
134,Chick-fil-A_spellbot,103,0.5017,410
1,TrendingCommenterBot,0,0.2065,795
1,TheTVDB,0,0.2065,796
0,BankUSA,1,0,1163
1,AdvancePlays,0,0.2065,797
0,GrandMa5TR,1,0,1164
1,catchphrase_rick_bot,0,0.2065,798
6,kcbarexam,0,0.6097,318
0,lmao_xDDD,1,0,1165
2,Chauwanni,0,0.3424,540
56,FuckinStopSayingThis,90,0.3086,618
0,faffnodule,1,0,1166
102,FuckTokenBot,11,0.8341,114
20,bravo_delta_bot,13,0.4368,468
1,thor214,0,0.2065,799
1,NHL_Stats,0,0.2065,800
898,The-Paranoid-Android,16,0.9718,3
137,ILinkNSFWSubreddits,3,0.9389,20
39,waterguybot12,5,0.7602,189
11,YungBot,4,0.4805,427
0,TripleCharged,1,0,1167
2,sodogetip,0,0.3424,541
0,mjcov,1,0,1168
0,thescottishlion,2,0,1169
1,frownyface,0,0.2065,801
0,Stiikmann,1,0,1170
3898,I_am_a_haiku_bot,5169,0.4198,476
8,internetperson104,58,0.0627,1044
2,DontLewdTheFckinLoli,0,0.3424,542
111,PORTMANTEAU-BOT,97,0.4659,432
1,MyDaniel,0,0.2065,802
2,rJailbreakBot,1,0.2077,674
5,HollywoodBot,4,0.2666,646
31,DatsARepost,2,0.8039,147
17,CompileBot,0,0.8157,135
1,CFB_Referee,0,0.2065,803
0,Axanery,1,0,1171
0,nillz91vg,5,0,1172
21,StudabakerHoch,3,0.69,269
0,irrelevantBoob,1,0,1173
22,copy-kun,2,0.7415,210
3,GENERICREPLYAWARD,1,0.3006,626
25,nazigramatical,5,0.6644,287
1,crnaruka,0,0.2065,804
1,TellahTheSage,3,0.0456,1063
24,DeepIntoYouTubeStats,2,0.7586,195
32,YugiohLinkBot,0,0.8928,63
17543,haikubot-1911,3211,0.8403,106
2,HoominBean,1,0.2077,675
18,__WaterGuy12,44,0.1922,958
6,rickRollWarning,3,0.3542,503
1,thats_poes_law,0,0.2065,805
2,MorePicsOfBot,0,0.3424,543
2,WasabiEnema,0,0.3424,544
4,me_irl-meme_bot,6,0.1682,965
90,CommonMisspellingBot,32,0.6533,289
11,TableLivesMatter,0,0.7412,215
2,RKFluffy_Bot,0,0.3424,545
6,BlackmonBot,0,0.6097,319
1,hearthsan-bot,0,0.2065,806
3,NerdcubedHuman,0,0.4385,447
2298,ThisCatMightCheerYou,359,0.8514,96
2,-WaterGuy12-,8,0.0567,1059
1,Thimotron,3,0.0456,1064
0,Fishbeck9240,1,0,1174
0,pussgurka,3,0,1175
9,CationBot,0,0.7008,255
11,CredibilityBot,4,0.4805,428
3,NippyBrutalBot,1,0.3006,627
1,SeizureWarning,0,0.2065,807
713,RemindMeBot,48,0.9174,40
12,to_gfycat_bot,2,0.6006,335
90,opfeels,38,0.619,312
2,natty212,0,0.3424,546
2,Poster_Bot,0,0.3424,547
12,Shitty_acronym_bot,17,0.2551,649
0,cyka_blyat420_69,1,0,1176
1,Jus_Fucken_Relax_Ay6,1,0.0945,1009
10,TrumpJarBot,14,0.2447,653
4,USPSbot,2,0.3,637
2,GreenLego,0,0.3424,548
11,juicedb_bot,1,0.6461,292
1,keizersuze,0,0.2065,808
1,christraeger_bot,0,0.2065,809
2,h3h3_isnt_funny,4,0.0968,986
1,OnlySaysUrBad,0,0.2065,810
32,HailCorporate_Bot,65,0.2444,654
22,MotherOfAllBots,0,0.8513,98
8,IQ_Percentile,0,0.6756,279
2,potato_balerina,0,0.3424,549
1,Spiranix,0,0.2065,811
1,Evil_Thresh,0,0.2065,812
13,timerguy12,1,0.6853,273
4,Postador,2,0.3,638
1,PirateDaveZOMG,0,0.2065,813
2050,animalfactsbot,569,0.7665,182
1,NauseatingLego,1,0.0945,1010
132,SavageAxeBot,77,0.5644,366
7,both_sides_bot,4,0.3538,505
30,mostsarcasticuserbot,24,0.4238,474
0,dandantian5,1,0,1177
5,CredoBot,3,0.3057,619
3,everestmntnbot,1,0.3006,628
113,CummyBot2000,16,0.808,140
0,RoastMyTrack_Bot,1,0,1178
1,code-sloth,1,0.0945,1011
1,Giveaways_Bot,0,0.2065,814
107,watguy12_bot,33,0.6875,272
7,LargeImagesBot,1,0.5291,381
18,doggobotlovesyou,6,0.551,371
0,isonotlikethat,1,0,1179
0,NarshaBot,1,0,1180
2,ModeratelyHelpfulBot,0,0.3424,550
0,FoxstepCEO,1,0,1181
29,CasualHearthMemeBot,93,0.1709,962
22,topredditbot,3,0.7004,258
115,no_context_bot,49,0.6272,307
0,Xystos-bot,1,0,1182
128,Factorial-Bot,4,0.9247,31
0,00-Evan,1,0,1183
2,TF2HelpBot,0,0.3424,551
1,GuyWithRealFacts,0,0.2065,815
1,PornOverlord,2,0.0615,1048
1,ShawnSpencerBot,0,0.2065,816
3,SwapNSalebot,0,0.4385,448
77,umnikos_bots,10,0.8012,150
1,vagabond_dilldo,0,0.2065,817
5,reddtipbot,1,0.4365,470
45,GoodBot-Bot,81,0.2788,643
69,TrumpTrain-bot,2,0.903,55
15,AnimeRepostBot,6,0.5004,411
3,RareWordBot,0,0.4385,449
29,Ink_bot,0,0.883,73
9,backMeUpBot,4,0.4237,475
6,BadEgg1951,0,0.6097,320
1,NotaNovetlyAccount,0,0.2065,818
4,-GeneralKenobi-,0,0.5101,399
8,WouldBernieHaveWon,0,0.6756,280
1,Awfy,0,0.2065,819
513,Gyazo_Bot,51,0.8831,72
1,Hates_Sand,0,0.2065,820
138,PCMRBot,29,0.7617,187
16,TsurezureTracker,0,0.8064,142
6,ComfortingBot,0,0.6097,321
8,rbutrBot,2,0.4902,420
1,ExpandLinkBot,0,0.2065,821
0,natcap7,2,0,1184
1,resaysay,0,0.2065,822
0,Stieglbot,4,0,1185
14,MiseroMCS,1,0.7018,247
9,BernardJOrtcutt,2,0.523,391
1289,DeepFryBot,27,0.9703,5
1,Lost_in_costco,0,0.2065,823
0,LittleVinnie,6,0,1186
0,anamdaium,1,0,1187
10842,metric_units,1631,0.8632,86
2,chromabot,0,0.3424,552
5,RoundUp_bot,1,0.4365,471
4,TipJarBot,0,0.5101,400
0,afadss,1,0,1188
1,SempaiDono,0,0.2065,824
1,KaylasDream,0,0.2065,825
1,0lucidity0,0,0.2065,826
22,khuxRedditBot,2,0.7415,211
114,IMDb_Preview,10,0.8579,90
1,SamCropper,0,0.2065,827
2,RPBot,1,0.2077,676
6,ExposingBotsWithABot,0,0.6097,322
119,SteamNewsBot,3,0.9302,28
0,TheSwearBot,1,0,1189
4,Government-WatchList,0,0.5101,401
1,dic3man,0,0.2065,828
1,anton_bot,0,0.2065,829
1,Free_Pitchforks,0,0.2065,830
1,PeskyTrollBot,6,0.0257,1073
0,Porkpants81,2,0,1190
3,Allison_AI,1,0.3006,629
328,NicolasBotCage,76,0.7709,180
1,Deggit,0,0.2065,831
0,jhayes88,3,0,1191
1,bnabradi,0,0.2065,832
1,Goldencock1,0,0.2065,833
1,its_fucking_skyler,0,0.2065,834
0,clopclop_til_u_drop,1,0,1192
2,boltrop,0,0.3424,553
1,EminemSpaghettiBot,0,0.2065,835
1,nestnestnest,1,0.0945,1012
19,GGGGobbler,1,0.7639,185
47,Pikushibu,1,0.891,65
1,CardBack-Bot,1,0.0945,1013
0,Korganation,1,0,1193
1,3kingdomsbot,1,0.0945,1014
1,MarkovManiac,0,0.2065,836
131,deck-code-bot,3,0.9362,22
0,The_Extraordinaire6,1,0,1194
1,Whispering_Shadows,0,0.2065,837
1,Dangerous_Ham,0,0.2065,838
134,BundleMaker,6,0.9097,49
30,SI_units_bot,9,0.6166,314
123,RickAndMortyBotv2,94,0.5003,412
11,feheroes-bot,0,0.7412,216
219,running_against_bot,25,0.8531,95
0,JulyAmigo,1,0,1195
15,comics_outta_context,0,0.7961,156
8,farvabot,2,0.4902,421
0,wllmsaccnt,1,0,1196
0,worldoftext,2,0,1197
1,McDuchess,0,0.2065,839
1,terattt,0,0.2065,840
2,__NEAT__,0,0.3424,554
1,JargonBot,1,0.0945,1015
73,rollme,2,0.9079,51
0,sips_youtube_bot3,2,0,1198
1,kevinftw17,1,0.0945,1016
61,note-to-self-bot,10,0.7598,191
5,spotify_transcriber,0,0.5655,356
1,CelineHagbard,0,0.2065,841
1,shwifteey,0,0.2065,842
2,flower_bot,2,0.15,973
1,MarineFury,0,0.2065,843
1,PM_me_Squanch_pics,0,0.2065,844
1,rimworldjunkie,0,0.2065,845
0,tip_the_bellman,1,0,1199
49,AwkwardMod,4,0.8214,132
82,CountdownBot12,1,0.9349,25
1135,Should_have_listened,338,0.7484,206
1,PoonSafari,7,0.0224,1075
15,THE_OFFICE_BLOWS,3,0.6078,332
3,you_get_CMV_delta,0,0.4385,450
1,sterlingphoenix,2,0.0615,1049
487,Good_GoodBot_BadBot,97,0.8016,149
8,GTAVbeastbot,4,0.3906,489
1,JobsHelperBot,0,0.2065,846
151,MTGCardFetcher,15,0.8563,93
28,dicschneeary,3,0.751,204
37,CatsCheerMeUp,49,0.3308,608
31,tybug3,11,0.5893,345
0,zeug666,3,0,1200
2,HawesFactsBot,0,0.3424,555
2,Shilling_Police,0,0.3424,556
1,elfa82,3,0.0456,1065
0,Camper2631,1,0,1201
1,penguin_starborn,0,0.2065,847
3,MB_Relationships,0,0.4385,451
10,GodelsVortex,0,0.7225,234
1,The69Bot,0,0.2065,848
10,legopartsbot,2,0.552,369
1,froggie-style-pepe,5,0.0301,1072
0,Blenciorn,2,0,1202
254,FuckSpamBots,54,0.7783,172
12,apieceofcayke,2,0.6006,336
1,onenightst,0,0.2065,849
2,Jesta96X,0,0.3424,557
3,WhoaCorrection,4,0.1582,970
12,khuxnaRetweetBot,0,0.7575,197
52,fp_stat_bot,17,0.6404,300
2,GiversBot,0,0.3424,558
4,FeedsBot,0,0.5101,402
1,NoSobStoryBot2,1,0.0945,1017
3,wikividibot,8,0.0975,984
4,whois-bot,3,0.2505,650
6,dceu_bot,0,0.6097,323
142,timee_bot,25,0.7883,162
2,DickcuntBot,0,0.3424,559
15,AlexJonesInfowarsBot,0,0.7961,157
108,NemLiNemLereiBot,5,0.9006,57
6,mnemosyne-0002,0,0.6097,324
2,DirtyInvoker_Bot,0,0.3424,560
3,MCOM_Android,2,0.2307,659
0,throwawayDDDDDDDDD,1,0,1203
0,simpletonstan,1,0,1204
5,GwentCardBot,4,0.2666,647
1,mvargus,0,0.2065,850
1,SJActionNetwork,0,0.2065,851
1,Manitcor,0,0.2065,852
1,TagTrain,0,0.2065,853
90,waterguy12_tag_bot,8,0.8471,101
0,cantthinkofanything3,1,0,1205
3,wetshaving_bot,0,0.4385,452
2,Scylla6,0,0.3424,561
4,Future_People,0,0.5101,403
7,Justinsaccount,3,0.3968,486
3,AngryCommits,2,0.2307,660
964,SubAutoCorrectBot,163,0.8336,115
87,DupeBro,26,0.6842,274
4,SteamStoreLinker_Bot,0,0.5101,404
3490,AutoModerator,2344,0.5856,347
0,Dragon-Snake,1,0,1206
0,BloxBot,1,0,1207
15,NightMirrorMoon,0,0.7961,158
1,asmr_bot,1,0.0945,1018
2,BottasWMR,0,0.3424,562
23,IGiveFreeCompliments,9,0.5463,374
1694,autotldr,89,0.939,18
35,Upvote_Bot_3000,13,0.59,343
1,relaxlu,0,0.2065,854
17,Butter-Passing-Bot,10,0.4423,437
28,TripSitBot,1,0.8282,123
30,__word_clouds__,10,0.5981,337
4,__ImPearlfecTron__,24,0.057,1058
1,poem_for_your_sporg_,0,0.2065,855
0,Srutek,1,0,1208
41,Nappa-Bot,31,0.4544,435
11,Catebot,0,0.7412,217
7,DwightBot,2,0.4526,436
0,Helloannyung,1,0,1209
1,The_Taco_Himself,0,0.2065,856
0,44134,3,0,1210
1,fuckmessierbot,0,0.2065,857
0,Oculus_Autobot,1,0,1211
43,PadparadschaPredicts,9,0.7027,244
12,LitecoinPrice,0,0.7575,198
1,rhymebasebot,0,0.2065,858
253,perkele_bot,254,0.4557,434
1,el_coruja,0,0.2065,859
144,DefinitelyHelpfulBot,100,0.5275,386
31,mac_line_bot,6,0.6886,270
22,Poem_for_your_sprog,3,0.7004,259
5,roll_one_for_me,0,0.5655,357
11,No_F_KD_Bot,6,0.413,477
0,RealGamerGod88,1,0,1212
30,WhatIsThisBot,1,0.8381,111
2,PGOBot,1,0.2077,677
667,bot_popularity_bot,201,0.7392,219
1,dawajtie_pogoworim,0,0.2065,860
0,a---throwaway,1,0,1213
1,IE_MLB,0,0.2065,861
3,BritishSpellingBot,2,0.2307,661
2,MrAwkwardCrotch,0,0.3424,563
3,MeepXD,0,0.4385,453
98,salem-censor-bot,12,0.8189,133
27,gwent_response_bot,0,0.8754,77
1535,gifv-bot,56,0.9546,11
1,Nathan1266,0,0.2065,862
1,PornSaver1,0,0.2065,863
1,CastIronJ,0,0.2065,864
1,problynotabot,0,0.2065,865
607,_youtubot_,172,0.7487,205
9,__WonderBot__,0,0.7008,256
32,csgomatchhighlights,3,0.7762,173
0,nyuszika7h2,1,0,1214
0,nervouswrek5,2,0,1215
2,telltalebot,0,0.3424,564
192,NFLVideoConverterBot,5,0.942,16
5,samacharbot2,3,0.3057,620
30,Dota_Chatwheel_Bot,0,0.8865,69
7,shittymorph,5,0.3195,612
247,SnapshillBot,27,0.8604,87
1,features,0,0.2065,866
1,The_Hero_of_Legend,0,0.2065,867
450,botguy12,48,0.8745,78
2,SmashGameBot,0,0.3424,565
1,positivedayguy,0,0.2065,868
0,muzi16,1,0,1216
16,ConvertsToMetric,3,0.6243,309
0,bark__bot,1,0,1217
1,DavidLuizshair,0,0.2065,869
2,rwbynsfw_mirror,0,0.3424,566
55,TrollaBot,3,0.8586,88
26,Crlne_bot,140,0.1092,983
12,BoneHurtingBot,0,0.7575,199
0,TheWellActuallyGuy,4,0,1218
0,TomShoe02,1,0,1219
41,RivalryBot,1,0.8768,76
0,sangares,1,0,1220
0,Roasted_Goat_Penis,1,0,1221
1,CummyBot20000,1,0.0945,1019
1,quigilark,0,0.2065,870
1,AstrosUmp,0,0.2065,871
0,SpriteGuy_000,3,0,1222
3,JimmyRed23,0,0.4385,454
23,RemindMeBotBro,21,0.3794,492
0,colonel_j,1,0,1223
2,heyheyitsteytey,0,0.3424,567
1,mapseri,0,0.2065,872
1,ACCOUNT_AGE_BOT,0,0.2065,873
1,hexcardbot,0,0.2065,874
34,the-blox,4,0.7587,193
19,fast-parenthesis-bot,1,0.7639,186
10,Shrug_Bot_,3,0.4974,417
0,Boboblah780,2,0,1224
0,a_corsair,1,0,1225
0,Sammy_Samuelson2,2,0,1226
166,LegoLinkBot,5,0.9334,26
66,mortalitybot,25,0.6259,308
25,JeopardyQBot,42,0.2672,645
103,MAGABrickBot,5,0.8962,59
3,SRScreenshot,0,0.4385,455
1,Fathomless33,0,0.2065,875
1,gumbymoo,0,0.2065,876
3,censorship_notifier,0,0.4385,456
0,ThreeTimesUp,1,0,1227
0,IFindHairsInFastFood,1,0,1228
2,CommentArchiverBot,0,0.3424,568
50,phcomments-sauce-bot,26,0.546,375
78,Healer_of_arms,23,0.6814,275
1,HaggardSummaries,0,0.2065,877
2,FranzThePartyWolf,0,0.3424,569
1,fantastic_comment,0,0.2065,878
0,Ifuckinhatethis,1,0,1229
6,ThisIsntTrapBot,2,0.4093,481
1,jschooltiger,0,0.2065,879
16,Type_II_Bot,0,0.8064,143
39,Waterguy12CounterBot,5,0.7602,190
1,callthebot,0,0.2065,880
11,ItsLapisBot,3,0.5241,389
3,Shark_Bot,0,0.4385,457
1,iownaguardfish,0,0.2065,881
1,montezumasleeping,0,0.2065,882
1,ausar999,0,0.2065,883
1,Deuce232,1,0.0945,1020
1,ClipsBot,2,0.0615,1050
1,anonymousgoals,2,0.0615,1051
1,letmeexplainitforyou,0,0.2065,884
44,rimworld-modlinker,1,0.8843,71
10,livestreamfailsbot,3,0.4974,418
0,ForzaFerrari365,1,0,1230
0,altAcctD,1,0,1231
0,Negizaka,1,0,1232
2,pesaherBot,0,0.3424,570
1,dogimo,0,0.2065,885
1,PlantGifBot,0,0.2065,886
2,Review_Bot,0,0.3424,571
0,Wakagoshi,1,0,1233
0,hash_bang22,1,0,1234
0,Agrees_With_Dipshits,1,0,1235
22,vandjac,2,0.7415,212
2,DexterMmmm,2,0.15,974
2,ImCongratulating,0,0.3424,572
5,RLWhewBot,0,0.5655,358
2,LoveTheSmallSubs,0,0.3424,573
1,throwaway117733,1,0.0945,1021
3,one_more_youtube_bot,0,0.4385,458
2,Feed_Zeke_Bot,0,0.3424,574
0,RepostPoliceBot,1,0,1236
0,andrethegiant,1,0,1237
1,boompleetz,0,0.2065,887
58,BotsLord,15,0.6883,271
1,cocoabutterkith,0,0.2065,888
3,Clippy_Office_Asst,1,0.3006,630
1,AnimatedPixelArtBot,2,0.0615,1052
3,vonkiller,2,0.2307,662
1,thelegendguy12,0,0.2065,889
10,transes,0,0.7225,235
20,von_bot,1,0.7733,175
36,just2centsBot,104,0.1919,959
23,FloorPlanBot,0,0.8569,91
13,serendipitybot,6,0.4601,433
80,IFlipCoins,10,0.8074,141
5,recommendation_bot,5,0.2366,656
11,FEH_Bot,2,0.5776,351
1,OnlySaysBryceHarper,0,0.2065,890
11,MillennialHaterBot,13,0.2789,642
0,southwest_alt,1,0,1238
0,Bertensgrad,1,0,1239
4,anrbot,0,0.5101,405
0,Tmiguy800,1,0,1240
18,YTTMirrorBot,0,0.8241,127
4,WeRateStatists,0,0.5101,406
2,Befriendjamin,0,0.3424,575
3,sjw_against_whites,1,0.3006,631
1,cah_white_bot,0,0.2065,891
9,Woofasaurus,1,0.5958,342
34,yogobot,10,0.6301,304
7,Fortinbraz,0,0.6457,295
2,DemogorgonBot,1,0.2077,678
1,Ecv_,0,0.2065,892
62,me_too-thanks,3,0.8729,80
2,Subster_Bot,0,0.3424,576
9,askreddit_policebot,0,0.7008,257
104,bandalbumsong,10,0.846,102
0,dmolin96,1,0,1241
2848,anti-gif-bot,222,0.918,39
2,ShaKing807,0,0.3424,577
4,dogs_luv,3,0.2505,651
3,UnitConversionRobot,0,0.4385,459
0,obc90802,1,0,1242
0,EyebleachRequest_Bot,1,0,1243
11,Trey-Mazing,2,0.5776,352
134,tiny_smile_bot,55,0.6406,299
6,DrHaranBot,0,0.6097,325
2,Bamboozle_Bot,2,0.15,975
1,nikgod,0,0.2065,893
0,IAmNotAmerican,1,0,1244
1,JagexSupport,0,0.2065,894
3,atreides,0,0.4385,460
1,swim_to_survive,0,0.2065,895
0,Whiskeyisamazing,1,0,1245
13,RedditFighterBot,2,0.6212,311
2,leicesterfandioxide,0,0.3424,578
0,maybesaydie,1,0,1246
19,digested_oddshot,2,0.7109,241
1,iAmMagicTurtle,0,0.2065,896
1,earthquake-bot,0,0.2065,897
2,MMA_Stat_Bot,0,0.3424,579
0,Kraken_Adam,2,0,1247
4,BIG_DICK_RICK_BOT,0,0.5101,407
433,SmallSubBot,58,0.8503,99
1,littlemisfit,0,0.2065,898
1,----MAGNITUDE----,0,0.2065,899
1,TheConvertinator,1,0.0945,1022
0,Venom9070,1,0,1248
0,bhjnm,1,0,1249
0,tekkenistrash,2,0,1250
1,Dr-Sommer,0,0.2065,900
1,Miyuki-tan,0,0.2065,901
259,TweetsInCommentsBot,17,0.9036,54
56,PlayStoreLinks__Bot,12,0.7164,237
3,chapter_bot,0,0.4385,461
13,SandfordNeighborhood,8,0.4088,484
0,Zsilfen,1,0,1251
8,PleaseRespectSlashes,3,0.4343,472
25,trumpcoatbot,0,0.8668,82
0,Shakeweight_All-Star,1,0,1252
4209,imguralbumbot,735,0.8411,105
2,terrorpaw,0,0.3424,580
1,BeijingBitcoins,0,0.2065,902
48,i_am_a_normal_human,7,0.7598,192
5,haiku-b0t,2,0.3589,500
1,ThundercuntBot,0,0.2065,903
6,SchmeckleBot,0,0.6097,326
1077,Roboragi,18,0.9742,2
1,schedlrapp,0,0.2065,904
21,ImJimmieJohnsonBot,2,0.732,227
2,rattlesnake-bot,0,0.3424,581
4,JokeExplainBot,0,0.5101,408
40,TaobaoTools,1,0.874,79
7,VerseBot,1,0.5291,382
0,km_2_go,1,0,1253
7,YTARbot,1,0.5291,383
1,yaycupcake,0,0.2065,905
3,DotaRosterBot,0,0.4385,462
1,androiddev_bot,0,0.2065,906
0,UMKcentersnare,1,0,1254
205,metric_robot,36,0.8001,151
1,lubichsBot,0,0.2065,907
1,Flairer,0,0.2065,908
0,Buzzword_Downvoter,1,0,1255
1,Terenere,1,0.0945,1023
0,siouxsie_siouxv2,1,0,1256
0,EthicMeta,1,0,1257
1,GeeRawr,0,0.2065,909
1,GodOfAtheism,1,0.0945,1024
4,its_fewer_ya_dingus,1,0.3755,496
0,PositiveNed6,2,0,1258
438,OriginalPostSearcher,19,0.936,23
410,Mentioned_Videos,30,0.9043,53
30,ShittyJokeExplainBot,4,0.7338,225
47,Lapis_Mirror,1,0.891,66
1,tashbarg,0,0.2065,910
0,Dilettante,1,0,1259
231,waterbot12,14,0.9064,52
1,Roonstone,0,0.2065,911
26,spelt_toRo_roSSo,2,0.7735,174
1,Fuccboi-bot,0,0.2065,912
2,SickleCellDisease,0,0.3424,582
1,Undertaker_Bot,0,0.2065,913
1,maslen,0,0.2065,914
2,samwalton9,0,0.3424,583
3,BannerlordEnthusiast,0,0.4385,463
113,polarbytebot,2,0.9388,21
2,unfriendly-bot,5,0.0822,1041
20,UnexpectFactorialBot,5,0.6087,330
1,rush42,0,0.2065,915
6,FiveYearsAgoOnReddit,0,0.6097,327
1,JohnYuki_BotTest,2,0.0615,1053
1,Spielstat_bot,0,0.2065,916
2,TutelarSword,0,0.3424,584
0,tommygilbreath7,1,0,1260
323,RiskyClickerBot,19,0.9149,41
1,Aftecte,0,0.2065,917
0,briareus08,1,0,1261
1,zapatodefuego,0,0.2065,918
2,EDMSaveBot,0,0.3424,585
194,m32th4nks,75,0.6648,285
39,xkcd_bot,0,0.9103,47
2,GnuMag,0,0.3424,586
1,transcribersofreddit,1,0.0945,1025
0,wewontstops,1,0,1262
16,osu-bot,5,0.5491,372
7,ShittyTBMResponsebot,0,0.6457,296
2,erosharing247,0,0.3424,587
1,FFBot,0,0.2065,919
0,JustCauseHelper,2,0,1263
0,DUMB_POLITICAL_VIEWS,1,0,1264
0,rap_your_comments,2,0,1265
21,DTG_Bot,2,0.732,228
3,Reply-Dota-2-Reddit,1,0.3006,632
3,DailyBingoBongo,1,0.3006,633
0,mike_pants,2,0,1266
17,MTGLardFetcher,0,0.8157,136
1,transcribot,0,0.2065,920
0,NotTheRealMorty,1,0,1267
6,YOU_GUY1957,3,0.3542,504
2,PHRDBot,0,0.3424,588
555,_trailerbot_tester_,145,0.7613,188
252,MILBitchBot,2,0.9717,4
2,Irrelevant_Fact_Bot,11,0.0433,1067
9,Subreddit-bot,70,0.0611,1057
1,DollarSignDouche,0,0.2065,921
1,piedbot,1,0.0945,1026
5,VelominatiBot,0,0.5655,359
44,MyRSSbot,24,0.5284,385
1,JL-Picard,1,0.0945,1027
1,WoW_Link_Bot,0,0.2065,922
2,Shrugfacebot,0,0.3424,589
0,standardsbot,1,0,1268
6,DeltaBot,0,0.6097,328
0,TCT_Bot,1,0,1269
5,LucidDreaming_bot,0,0.5655,360
0,urban_05,1,0,1270
545,friendly-bot,360,0.57,353
6,Powabot,2,0.4093,482
0,FMG_FlairBot,1,0,1271
2,spez,0,0.3424,590
14,CashTipper,0,0.7847,166
0,Anti-BotsXform,1,0,1272
0,activitylab,1,0,1273
2,Report_This_Spammer,0,0.3424,591
42,DiscrepaBot,2,0.8486,100
5,SatActbot,0,0.5655,361
110,recruitinghumans,175,0.3313,607
1,github-stats-bot,1,0.0945,1028
1,fuck-off-bot,1,0.0945,1029
1,BabyElephantGifs,0,0.2065,923
20,sg_paywall_buster,0,0.8389,109
0,UltravioletClearance,3,0,1274
1,MyMorningGymShorts,0,0.20654329147389294,681
0,airstream1941,1,0,1275
56,Thank_bot,7,0.788,163
77,kuilinbot,12,0.779,171
2,bat8,1,0.2077,679
2,TESLCardBot,0,0.3424,592
1,Steakenstein59,0,0.2065,924
0,have_bot,1,0,1276
6,SteamKiwi,0,0.6097,329
0,BondageGIFBot,1,0,1277
0,Scary_Tree,2,0,1278
2,fringly,0,0.3424,593
1,PenSwapMod,0,0.2065,925
1,JeanVanRoy,0,0.2065,926
64,MovieGuide,25,0.6182,313
1,RasputinsButtBeard,0,0.2065,927
1873,_YOU_DROPPED_THIS_,465,0.7844,167
0,andrewmc121,1,0,1279
59,Good_Bot_Bot,71,0.3708,498
0,O5-87,1,0,1280
0,billy_s_b1,1,0,1281
15,herbibot,1,0.7167,236
2,Pawpatrolbatman,0,0.3424,594
242,autourbanbot,25,0.8654,83
68,LineBreakBot,1,0.9224,34
61,Noob-Noob-Bot,11,0.7468,207
2,tamabot,0,0.3424,595
0,timebanditsendtits,1,0,1282
0,Giphy_Details_Fixer,1,0,1283
1,ActualWeed,0,0.2065,928
535,OctopusFunFacts,16,0.9534,12
0,ah_fuck,5,0,1284
12,DiarioOpositorBot,1,0.6669,283
1,FreshHaikuBot,0,0.2065,929
1,NRLgamethread,0,0.2065,930
14,AskRedditModerators,3,0.5897,344
3,redpilltipbot,0,0.4385,464
1,karmacourt_ss_s,1,0.0945,1030
2105,could-of-bot,531,0.7828,168
1,RopstenBot,0,0.2065,931
8,news-summary,20,0.1525,971
2,iRandomlyPostFacts,0,0.3424,596
7,PokeFacts,3,0.3968,487
11,CrossXParallelBot,0,0.7412,218
23,goodbot_badbot_admin,73,0.1653,966
2,ATVIAssist,0,0.3424,597
11,Zozbot,10,0.3237,609
0,Delectable666,2,0,1285
2,awesomejack7,0,0.3424,598
1,IAmButtAMan,2,0.0615,1054
5,GifsModBot,7,0.1933,957
6,alotabot,2,0.4093,483
1,jeikaraerobot,0,0.2065,932
3,I_am_not_creative420,9,0.0889,1038
2,Cat__Bot,0,0.3424,599
1,FactorialExpectBot,0,0.2065,933
8,NHLConvertrRodriguez,0,0.6756,281
3,ClwNza,0,0.4385,465
1,Voldemort_Bot,4,0.0362,1070
16,GitHubPermalinkBot,0,0.8064,144
1,Neoncow,0,0.2065,934
2,IOTAFaucet,0,0.3424,600
1,poorly_timed_gimli,0,0.2065,935
3,NarcSupportBot,1,0.3006,634
0,Fifouxxe,1,0,1286
2,Gonzobot,0,0.3424,601
1,NotTheOnionBot,0,0.2065,936
7,rCricketStreamables,1,0.5291,384
608,SeriouslyWhenIsHL3,360,0.5972,338
0,OfficialCount,4,0,1287
278,UnsubHero,133,0.6297,305
2,GlassesBot,0,0.3424,602
1,XiaoDabao,0,0.2065,937
0,bze,1,0,1288
3839,Good_Good_GB_BB,1542,0.7012,249
1,Jepeseta,0,0.2065,938
10408,GoodBot_BadBot,4328,0.6989,263
1,qqqlove,0,0.2065,939
1,Shutup_Guy,1,0.0945,1031
0,HeroesEsportsThreads,1,0,1289
30,ApiContraption,11,0.5807,348
226,rosey-the-bot,12,0.914,44
1,fireguy12bot,1,0.0945,1032
1,AMY_bot,0,0.2065,940
7,protanoa_is_gay,3,0.3968,488
0,cerhyntauoj,1,0,1290
1,DaveGr0hl,0,0.2065,941
4,patookbot,0,0.5101,409
879,TotesMessenger,244,0.7577,196
278,TDTMMbot,517,0.3173,613
0,FAN_ROTOM_IS_SCARY,1,0,1291
1,BB-r8,0,0.2065,942
3,recreational_usage,1,0.3006,635
4,r2d8,3,0.2505,652
1,redditWinnower,0,0.2065,943
0,IamCrocubot,1,0,1292
36,SupremeRedditBot,10,0.6443,298
1,CourierNew3,0,0.2065,944
5,_Quotr,0,0.5655,362
0,omarmoyanoxe,1,0,1293
2,WhyNotBarbershop,1,0.2077,680
42,Reddit_Copper_Bot,13,0.6365,303
1,female_lenin,0,0.2065,945
2,LionGhost,0,0.3424,603
0,RedditItalyBot,1,0,1294
0,ws-ilazki,2,0,1295
0,LD10_bot,4,0,1296
3,wellPhuckYouToo,6,0.1206,981
0,rhymebase,1,0,1297
0,VonHermanhauser,1,0,1298
5,AutoMobBot,0,0.5655,363
1,DonCasper,0,0.2065,946
6,Mashu_Kyrielite,1,0.4869,425
1,bot91,0,0.2065,947
1,FriendlyDeinonychus,0,0.2065,948
5,BlackLabBot,0,0.5655,364
19,MLBVideoConverterBot,0,0.8318,121
0,Powwa9000,1,0,1299
43,opinionated-bot,50,0.3645,499
3,bccbot,3,0.1876,961
3,PaladinsRobot,5,0.1368,980
0,says_yep-or-nope,1,0,1300
0,Santoron,1,0,1301
1,lysslynnz,0,0.2065,949
7,ExplainsRemovals,0,0.6457,297
1,MidikiBanana,0,0.2065,950
1,request_bot,1,0.0945,1033
0,Fizyn4,1,0,1302
8,TwitchClipsMirrorBot,0,0.6756,282
0,Ginganator,1,0,1303
0,graphictank,1,0,1304
1,______DEADPOOL______,1,0.0945,1034
4,FlairHelperBot,4,0.2152,668
16,WritingPromptsRobot,5,0.5491,373
0,GfycatOfficialBot,4,0,1305
23,3DS_QR_Bot,0,0.8569,92
1,___WaterGuy12__,2,0.0615,1055
0,biggestisbetter,1,0,1306
59,LawBot2016,5,0.8298,122
1,tdd_bot,0,0.2065,951
14,waterguy12_good_bot,1,0.7018,248
1,Youtube_Mirror_Bot3,1,0.0945,1035
3,Reposted4Karma,1,0.3006,636
3,single_image_bot,0,0.4385,466
0,munirc,1,0,1307
74,MassdropBot,1,0.9283,29
1,ELI5_BotMod,2,0.0615,1056
653,ColorizeThis,111,0.8279,124
1,assylover,3,0.0456,1066
13,justNObot,0,0.7719,179
6,songwhiphelper,5,0.2801,641
68,rule34,18,0.6932,266
1,CrystalKaei,1,0.0945,1036
4,HP_Quidditch,2,0.3,639
1,real-anteater-yes,0,0.2065,952
2,pad_bot,0,0.3424,604
2,funkoswapbot,2,0.15,976
1,_Xertz,1,0.0945,1037
60,TerribleJokeBot,15,0.6959,264
1,climb_bot,0,0.2065,953
1,meatblossom,0,0.2065,954
732,ClickableLinkBot,193,0.764,184
3,poundstostonebot,0,0.4385,467
